company,ticker
Lucid Motors,
Foursquare,
Guild,GB00BMWVF760.SG
Cue Health,HLTHQ
Silo,SILO
Joonko,
Toshiba,6588.T
Wefox,
Replit,
Gopuff,
SeekOut,
Atmosphere,
Singularity 6,
Mainvest,
Indeed,
Motional,
Rivian,RIVN
Google,GOOGL
Vacasa,
PrepLadder,
Simpl,SMPL
Arkane Studios,
Brilliant,BRILL.ST
Kinaxis,KXS.TO
Hopin,
Enovix,ENVX
Luminar,9FS.DU
Sprinklr,CXM
Bakkt,BKKT
Peloton,PTON
Cabify,
Assurance,RCU.SI
Sproutt,
Tesla,TSLA
Akili Interactive,
Getir,
Ola,OLAELEC.NS
ComplYant,
Fisker,
HealthifyMe,
True Anomaly,
Grin,GRND
Expedia,EXPE
Freenome,FRNM
Heureka Group,
98point6,
OutSystems,
Homie,
The Good Glamm Group,
Showpad,
Stability AI,
Pax8,
ConnectWise,
Take-Two,TTWO
Tome,TOEN.TA
Criteo,CRTO
Glovo,
TikTok,
Fabric,605003.SS
Hinge Health,
Zoe,ZTS
Cornershop,
Scaler,
Checkr,
Intel,INTC
Trendsales,
Fission,FISN
Bolt.Earth,
Apple,AAPL
Agility Robotics,
Lightspeed Commerce,LSPD.TO
Ghost Autonomy,
Vivian Health,
Amazon,AMZN
CoRover,
Kaseya,
New Relic,
Yummly,
Byju's,
Lentra,
Thepeer,
Osso VR,
Identiq,
Ranger Insurance,
Rezi,REZI
ChowNow,
Synctera,
GoPro,GPRO
Dell,DELL
Verily,
Cybereason,
ShopBack,
Orbotech,
Airmeet,
Singular Genomics,
Longi,601012.SS
Flock Freight,
Chipper Cash,
Blueboard,
Ancestry,
Textio,
Stash,
Phantom Auto,
IBM,IBM
Deadspin,
Niche,8490.HK
Inscribe,
Turnitin,
Totango,
Sorare,
Meta,META
PlanetScale,
MessageBird,
Form Energy,
Verbit,
Edgio,
Melio,
Our Next Energy,
Project Ronin,
Pristyn Care,
Gro Intelligence,
Tonik,
Kevin,
Electronic Arts,ERT.MU
Treasury Prime,
Sony Interactive,
Bumble,BMBL
PropertyGuru,
WayCool,
Daraz,
Redesign Health,
Carbon Health,
Vice Media,
Affirm,AFRM
Finder,DFH
BuzzFeed,BZFDW
Aptiv,APTV
Tails.com,
Auctane,
KnownOrigin,
Meati,
Farfetch,FTCHQ
Voi,2495.HK
Toast,TOST
Sonder,SONDQ
Storytel,STORY-B.ST
CodeSee,
May Mobility,
Cisco,CSCO
Wint Wealth,
Away,AWCA
Instacart,
Mozilla,
Impinj,PI
Riskified,RSKD
Everybuddy,
Popcore,
Wisense,
SiriusXM,SIRI
Licious,
BlissClub,
Kandji,
Pure Storage,6PU.DU
Otovo,89K0.F
Getaround,GETR
Journera,
Grammarly,
Fireblocks,
Tenable,TENB
Workfellow,
DocuSign,DOCU
Glowforge,
Snap,SNAP
Drizly,
BillGO,
Impact.com,
Astrate Medical,
Meetup,
Muvin,
Nomad Health,
Zwift,
Top Hat,
Cake Bikes,
Small Robot Company,
Twig,
Okta,OKTA
Zoom,ZM
Illumina,ILMN
Polygon,POLY.TA
Indigo,INAC
Proofpoint,
Trove Recommerce,
CircleCI,
Thinx,
Innoviz,INVZ
The Messenger,
Zuora,
PayPal,PYPL
Block,HRB
Kiwi.com,
Aurora Solar,AACTF
Wattpad,
TechCrunch,
Noom,
Procore,5PT.F
Vipps,
iRobot,
DispatchHealth,
Loopio,
Salesforce,CRM
Flexport,
Productboard,
Microsoft,MSFT
Swiggy,SWIGGY.NS
Veho,
Amperity,
MVPindex,
Business Insider,
Cova,CVALF
Jamf,
Cult.fit,
Personio,
Aurora,ACB
Desktop Metal,
HubSpot,HUBS
SAP,SAP
eBay,EBAY
Vroom,VRM
Brex,
Cure.fit,
GoStudent,
GoTo,GOTO.JK
Seedr,
Riot Games,
Xendit,
2U,2UH0.F
SolarEdge,SEDG
Wayfair,W
Fashinza,
Stitch Fix,SFIX
YouTube,
Sirplus,
SonderMind,
First Mode,
ALI Technologies,
Thursday,
Veeam,
GrabCAD,
Artifact,
Dastgyr,
Hologram,WIMI
Vendr,
New Work SE,
Playtika,8II.F
Discord,
Inmobi,PEI.CL
Audible,
7Shifts,
Sisense,
Cloudflare,NET
888,C8V.DU
Certinia,
Chief,1597.TW
Dextrous Robotics,
Citrix,
IAC,343A.T
FreshDirect,
Beam Benefits,
Instagram,
ChargePoint,CHPT
SoFi,SOFI
Twitch,
Branch,BOF
Nevro,
FullStory,
Uber Freight,
Rent the Runway,RENT
Treasure Financial,
Humane,
EVBox,
Morning Consult,
Trend Micro,4704.T
Unity,U
Flipkart,
NuScale Power,SMR
Flexe,
Pitch,
BenchSci,
Here,HERE
Ledger Investing,
Lendio,
MeridianLink,
LiveVox,
NanoString Technologies,
Lever,DSPC
Trigo,3709.TWO
InVision,
VideoAmp,
Xerox,XRX
Lazada Group,
Orca Security,
Frontdesk,
Strake,SRKE
Paytm,PAYTM.NS
Hyperloop One,
Palmetto Clean Technology,
ShareChat,
InSightec,
Kaspien,
Enphase Energy,ENPH
Udaan,
Checkout.com,
Arm Holdings,ARM
Delivery Hero,DHER.DE
Jellysmack,
Superpedestrian,
Cruise,NCLH
Solarisbank,
Bolt,BOLT
Curalie,
Curbio,
Flyhomes,
Stellar Pizza,
Invitae,
Etsy,ETSY
Analog Devices,ADI
ForgeRock,
Flex,FLEX
FourKites,
Sojern,
TomTom,TOM2.AS
Jungle Scout,
SmileDirectClub,SDCCQ
Sunfolding,
Zulily,
D2iQ,
Simplilearn,
Navan,NAVN
Tidal,YRAM
ZestMoney,
Incredibuild,
Bill.com,0M5.HA
Contentful,
Course Hero,
Pivo,93P0.F
Yahoo,YOJ.SG
Spotify,SPOT
TuSimple,
Meow Wolf,
DwellWell,
Twilio,TWLO
Filmic,
Loco,LOCO
Zepz,
Domo,DOMO
Mojo,MOJO
Pipedrive,
Vox Media,
Dataminr,
Multiverse,
Tier Mobility,
VMware,
Bytedance,
Veev,VEEV
Anar,
Alerzo,
McMakler,
Tulip Retail,
Jodo,
C3.ai,AI
Presto,PRST
Physics Wallah,
NextGen Healthcare,
Buildertrend,
Jane,HOJI
Zazuu,
Sierra Space,
Paystack,
Beamery,
Sonos,SONO
FintechOS,
FreshBooks,
Landing,
Uleet,
Chewy,CHWY
Sarcos,
Cake Group,
Halodoc,
Markforged,
Ping Identity,
TripAdvisor,TRIP
Bowery Farming,
Carta,9L2.SG
Commure,
OSlash,
BigCommerce,BI1.DU
CloudKitchens,
Oportun,OPRT
Zillow,Z
Nextdoor,NXDR
Zeus Living,
Ava Labs,
Moore Threads,688795.SS
Pico Interactive,
F5,FFIV
NIO,NIO
OpenSea,
Viasat,VSAT
Beyond Meat,BYND
OpenSpace,
Orchard,O5P.F
Sportradar,SRAD
Informatica,
Splunk,
Faire,
Sana Benefits,
Olive,36S.F
StepStone,STEP
Hubilo,
Karat Financial,
Hippo Insurance,
Graphy,318060.KQ
Salsify,
F-Secure,
Virgio,
Exabeam,
Slync,
SiFive,
Pebble,VSF.F
Shipt,
Parity Technologies,
Roblox China,
Tropic,TC.BK
Convoy,
Bullhorn,
LegalZoom,LZ
StellarAlgo,
ManoMano,
WeTransfer,
Plume,
Belora Paris,
Made Renovation,
Volta Trucks,
Waymo,
LinkedIn,MSFT
CityMall,
C2FO,
Kayak / OpenTable,
Bandcamp,
Stack Overflow,
PokerStars,
Adda247,
Uno Health,
Qualcomm,QCOM
Lending Club,
MariaDB,
Deepgram,
Acronis,
Neon,NEON
Blue Origin,
Braid,
Product Hunt,
VTrips,
Juniper Networks,
InvestCloud,
Brave,BATRA
Dash,DASH
Shift,FOUR
Yuga Labs,
Bizongo,
SchoolMint,
Arrival,ARVLF
Ledger,
Qualtrics,
Hopper,
Bird,BIRD
Dare,DARE
Sendoso,
Chainalysis,
Synapse,060230.KQ
Chia Network,
IronNet,
Sono Motors,
Cowbell,
N26,
Andgo,
Vendasta,
Epic Games,
Lululemon Studio,
Fit Analytics,
Fi.Money,
Dunzo,
Talkdesk,
Lucid Software,
Eat Just,
Appsmith,
Roblox,RBLX
Foodpanda,
Recast,
DealShare,
Merative,
Robinhood,HOOD
Akudo,
Outreach,
Truss Works,
Nowadays,
Hooray Foods,
Sage Therapeutics copy,
7shifts,
Velocity,VLC.V
Airtable,
Project44,
R3,R32G.VI
Akili Labs,
Evolve,
Binance.US,
Paper,IP
Homeday,
At-Bay,
Eurora,
Chargebee,
Divvy Homes,
Grabango,
Bonterra,9BR2.F
Mollie,
Oyster,OYSE
Sensor Tower,
Drift,
Hijra,
Roku,ROKU
ForeScout,
Better.com,
iSpecimen,ISPC
MaxMilhas,
Absci,ABSI
Hodinkee,
Talent.com,
mPharma,
Xolo,
Nexar,
Khatabook,
Clearcover,
Gated,
Lunchtime,
Pegasystems,PEGA
Biofourmis,
Malwarebytes,
SkyKick,
Omuni,
Kenko Health,
Huma,HUMA
Zeplin,
123Milhas,
Zebra Technologies,ZBRA
CoinSwitch,
Clockwork,
SenseTime,SNTMF
HackerRank,
Cuemath,
Fortinet,FTNT
Captiv8,
Chingari,
Atlas,TEAM
Veriff,
BlackLine,02B.F
Rivos,
Cellulant,
JOIN,HSBK.IL
CoinDCX,
Datagen,
Hypefast,
Tempo Automation,TMPOQ
Recur,RXRX
Unite Us,
Twiga,
Spartan Poker,
Times Internet,
Detectify,
Embrace,EMBRAC-B.ST
Zylo,818.F
AppFolio,APPF
StreamElements,
FlexCar,
Noice,
SecureWorks,
Easee,
CoinDesk,KRYP
iQiyi Smart,
LingoAce,
Shutterfly,
SHINE Technologies,
Hike,
NCC Group,NZB.F
Blend,BLND
Niantic,
Babylon Health,
Dealtale,
Bukalapak,BUKA.JK
Podium,55D.F
Quizy,
StyleSeat,
Thoughtworks,
Rapid7,RPD
MPL,MPLX
Doximity,DOCS
23andMe,
Caliva,
Sendy,
Verse,VRSSF
Qomplx,
CodeClan,
Astra,AZN
Big Cabal Media,
Bardee,
Aware,
Ayoconnect,
Finastra,
Spinny,
Tekion,
BetterUp,
Augury,
Gem,002340.SZ
Gupy,
FamPay,
Actyv.ai,
ConnectedH,
DICE,DC4.VN
HackerOne,
Silofit,
Vesttoo,
Planet,PL
Archipelago,A33.SI
Increff,
inDrive,
Qoala,
Fable,6L50.F
Cambricon,688256.SS
Kape Technologies,
Eroad,ERD.NZ
Kape,KPEKS.IS
Homology,
Milkbasket,
Wish,7N60.F
Point,CHKP
Akseleran,
Datree,
Degreed,
Copia,
Figure,FIGR
Calendly,
Myntra,
Kleos Space,
Ripl,RIPLEY.SN
Deep Instict,
Pluralsight,
AppHarvest,
Arive,
Onfido,
PathAI,
Bundle Africa,
Viaplay,VPLAY-A.ST
Stoa,
MiQ,0O6D.L
Phunware,PHUN
Saarthi.ai,
AgentSync,
Inspirato,
Tilia,
Blue Apron,
Cameo,Z88.F
Square Roots,
Code42,
Ezoic,
Lamudi Indonesia,
Binance,
PayScale,
Navi Technologies,
Skill Lync,
AudioCodes,AUDC
Deepwatch,
Centr,LEU
Factorial,FACWW
Bark,BARK
Khoros,
Netlify,
SAS,SSL
Dapper Labs,
DeepVerge,
Freightos,CRGO
Circle,CRCL
CyberGRX,
Duck Creek Technologies,
Matterport,
Everquote,EVER.MX
Built Technologies,
Butterfly Network copy,
Dukaan,
Jasper,VENZF
FrontRow,
IntelyCare,
Latch,LTCH
Motive,7VB.F
Medsaf,
Evernote,
PaulCamper,
Trellix,
Amdocs,AOS.F
FNZ,FNZ.NZ
Perfect Day,
Solidigm,
TytoCare,
Circles.Life,
ConnectRN,
Crunchbase,
DayTwo,
Athennian,
Vista Group,VGL.AX
Highsnobiety,
Zip,ZIP
Buzzer,
Lunya,
MediaMath,
Petal,
Headspace,
Artsy,
Candy Digital,
Xiaomi India,
Torii,
Insider Intelligence,
Merama,
Qyuki,
Stripe,
Vowel,
ClickUp,
Ludia,
Karat,KRT
Plex,PLXS
Starburst,
Zapier,
Selina,SLNAF
Tibber,
ClearPay,
Eyowo,
Honor,7709.TWO
Lordstown Motors,
Waze,
Payoneer,915.F
IRL,IRLAB-A.ST
Retool,
Anaplan,
Uber,UBER
Tackle.io,
Ritual,
Friday Health Plans,
Mutiny,
Grab,GRAB
OLX Group,
AvantStay,
Karakuki,
Panther,GLIOF
Fuzzy,
Mojocare,
Nikola,
Pilot,W53.F
Karshare,
CareRev,
TADA,
Cerner,
Bitwise,
TrueCar,
Olo,B353.BR
Mamaearth,
Western Digital,WDC
JupiterOne,
Zalando,ZAL.F
Grubhub,
GoCardless,
Pendo,
Chegg,0CG.F
dot.LA,
TaxBit,
Tiki,SKIKON.CO
Trybe,
Expel,
Cityblock Health,
Highspot,
Cohesity,
Freshworks,F2RS34.SA
Opora,
Nubank,
Sumo Logic,
Flatiron Health,
HashiCorp,
Ursa Major,
Coherent,COHR
Reddit,RDDT
Linktree,
Dragos,
Mara,MARA
Bunnii,
Azibo,
Meati Foods,
ZoomInfo,ZOM.F
Staffbase,
Zume,
Haven Technologies,
Mural,
Glamyo Health,
Outbrain,852.SG
CloudTrucks,
CoachHub,
Fractal Software,
SentinelOne,S
SmartAsset,
Zendesk,
ZipRecruiter,47R.F
Mux,MUX
Taxfix,
Mensa Brands,
Coupa,CPNG
Nansen,
PacketFabric,
DHI Group,DHX
BenevolentAI,
Circus Kitchens,
Kabam,
WillowTree,
Flink,
Alibaba Cloud,
Brainly,
Reliance JioMart,
SoundCloud,
Tractable,
Daylight,
FemTech Health,
Paperless Parts,
Nuance Communications,
Moss,F73.F
Pie Insurance,
Clearbit,
dbt Labs,
L1ght,
Nextbite,
Formstack,
Lemonade,LMND
DroneUp,
Quanto,
Cana,CM.TO
Nuro,NUGYO.IS
Telenav,
Happay,
Slickdeals,
Toothsi,
Everlaw,
Tessera,
Varo,VRNS
CS Disco,LAW
Redbubble,
Similarweb,SMWB
Akamai,AKAM
Sonatype,
Marqeta,MQ
Momentis Surgical,
Glean AI,
Everledger,
Twist Bioscience,TWST
Meesho,MEESHO.NS
Teachmint,
Eventus,
Shopify,SHOP
Sabre,SABR
Scribe Media,
Autograph,
Earnix,
Karma,KRMN
Glassbox,
Upwork,UPWK
Cars24,
Brightcove,
Healthy.io,
Zymergen,
TheSkimm,
Brightline,9DR.F
Bishop Fox,
Zoomo,
Vallai,
Lev,DSPC
PharmEasy,
Vah Vah!,
Cogito,
Embark Vet,
Poparazzi,
Providoor,
Dropbox,DBX
Alteryx,
Greenhouse,GWAYF
Rebellion Defense,
Poppulo,
Megaport,92J.F
Airtasker,9B5.F
Tickertape,
Clubhouse,CMGR
Oddle,
Extramarks,
Teampay,
RenoRun,
Rapid,RPD
Red Hat,
BigPanda,
Lyft,LYFT
Benchling,
Koo,8Q8.F
Open,OPEN
Gloat,
Insider,
Iress,BRF.F
Lenovo,0992.HK
WalkMe,
Opendoor,OPEN
Noon,SEJ.SI
Culture Amp,
TRM Labs,
CoLab,COLAB.BO
Ten Square Games,1HQ.DU
Ynsect,
Kumu,8E9.F
Utopia Music,
Quadream,
Drip Capital,
Community Gaming,
Calibrate,
OpenClassrooms,
Sayurbox,
Snyk,
Astronomer,
Bluepad,
Heygo,
Lazerpay,
Mediafly,
Science 37,
Medtronic,MDT
Milkrun,
Redfin,
Permutive,
Examedi,
Acxiom,
Euler Motors,
Reforge,
Nori,7744.T
Practo,
Pear Therapeutics,
Workit Health,
Absolute Software,
Avocargo,
Amplitude,7I9.F
1K Kirana,
Foundation Medicine,
Boost,ALBOO.PA
Cin7,CIN7B.NX
Hyland Software,
View,VRAYQ
Guideline,GO91.F
Domestika,
Airbyte,
Hulu,605199.SS
LendingTree,TREE
FanClash,
Loop,LOOP
Crossbeam,
AnswerLab,
Endowus,
GoodWorker,
Kyndryl,KD
Nowports,
Unacademy,
CoverMyMeds,
Seagate,STX
iCAD,3IC.F
Anyline,
OnePipe,
Blue Nile,
AEye,AEYE
Rackspace,RXT
Better Therapeutics,BTTX
Aspiration,
The Meet Group,
Cimpress,CMPR
TakeOff,
Slite,
Logitech,LOGI
Glassdoor,
Wejo,WEJOF
Copper,SCCO
Rewind,
Roofstock,
Just Eat,JTKWY
Marvell,MRVL
Workhuman,
Xing,000862.SZ
Mr Yum,
Smallcase,
GAMURS Group,
Laybuy,
Huuuge Games,
Livspace,
Symend,
Candor Technology,
Runtastic,
Leafly,
Bonusly,
Klaviyo,KVYO
Boxed,
TradeWindow,
Hometap,
Fetch,
Anchorage Digital,
Avidbots,
Samsung,005930.KS
Kaleidoscope,
GoTo Group,
Cookpad,CKPDY
Xero,XRX
Shopee,
Wave Financial,
Morning Brew,
Neoleukin Therapeutics,
Toucan,TCNT
Appcues,
Catch,2474.TW
RDX Works,
Take-Two Interactive,TTWO
Atlassian,TEAM
UKG,
UpGrad,UPGRAD.ST
HomeLane,
Ankorstore,
No Fluff Jobs,
Loft,LPGD.AX
Embark Trucks,
Lendi,TSLX
UserTesting,
Airbnb,ABNB
Accolade,
Zscaler,ZS
MasterClass,
Ambev Tech,
Fittr,
CNET,CNET
Comparis,
Kandela,
Truckstop.com,
iFood,
Color Health,
PayFit,
Yellow.ai,
Protego Trust Bank,
Eventbrite,
DUX Education,
Cerebral,
Amount,
Palantir,PLTR
Stytch,
BitSight,
Twitter,TWTR
Ericsson,ERIC
SAP Labs,
Velodyne Lidar,
Medallia,
Lucira Health,
Stax,
EQRx,
Poshmark,
OneFootball,
The Iconic,
EVgo,EVGO
StrongDM,
Messari,
Vibrent Health,
Synamedia,
TaskUs,6VY.F
Arch Oncology,
Immutable,IHLDF
Jounce Therapeutics,
Locomation,
Green Labs,
Crunchyroll,
Ethos Life,
Basis Technologies,
PeerStreet,
MyGate,
Kinde,KMI
Fipola,
HP,HP
Micron,
Tencent,0700.HK
Digimarc,DMRC
Reserve,
The RealReal,REAL
Smartsheet,
Wix,WIX
ServiceTitan,TTAN
DigitalOcean,DOCN
Betterment,
Momentive,
Observe.AI,
Religion of Sports,
Tackle,
Vicarious Surgical,RBOTW
Blackbaud,BNK.F
CommerceHub,
Dropp,
HackerEarth,
PhableCare,
Udemy,
Electric,PCG
EMX Digital,
PetLove,
Collective Health,
Magic Eden,
Casavo,
Moladin,
TripleLift,
Titan Medical,
TikTok India,
Syft Technologies,
Open Co,440320.KQ
Rigetti Computing,RGTI
Wonderschool,
Misfits Market,
Deliveroo,
Olive AI,
GitLab,GTLB
REE Automotive,REEAF
GitHub,
Quillt,
WeTrade,
GoDaddy,GDDY
Gusto,
Gong,3178.TWO
Equitybee,
Baraja,
Koho,6524.T
Medly,
Nearmap,
Salesloft,
Openpay,
LearnUpon,
Loggi,
Catch.com.au,
VinFast US,
Pocket Aces,
Clari,CLVT
C6 Bank,
TenureX,
Kyruus,
Lightico,
Eightfold AI,
FarEye,
Protocol Labs,
Built Technologies copy,
Autodesk,ADSK
Mindstrong,
Miro,
Bittrex,
Snowplow,
Articulate,
NCSoft,
Sharesies,
Pinterest,PINS
DraftKings,DKNG
Cyren,CYRNQ
Workato,
VerticalScope,7E9.F
Wheel,002085.SZ
Appgate,
Exterro,
Ada,AQM0.F
Bustle Digital Group,
Frequency Therapeutics,
Match Group,MTCH
Omnipresent,
Picnic,
NetApp,NTAP
Workday,WDAY
Upstart,UPST
Software AG,SPT6.F
Tilting Point,
Gokada,
AU10TIX,
National Instruments,
OpenText,
Philips,PHIA.AS
Groupon,GRPN
Impossible Foods copy,
Chrono24,
BM Technologies,
Olist,
Prime Trust,
Quantum SI,QSI
Hoxhunt,
Me Poupe,
CoinTracker,
SSense,
Ruggable,
Synopsys,SNPS
Heycar,
Matrixport,
Shakepay,
#Paid,PAYD
Decent,WDLF
Feedzai,
Nate,NTRA
Soundwide,
Confluent,
Glisser,
DriveWealth,
Mode Global,
Plus One Robotics,
Quora,
Lam Research,LRCX
Luno,
Clear Capital,
Guardant Health,GH
SirionLabs,
PagSeguro,PAGS
Prosus,PRX.AS
Innovaccer,
PartnerStack,
Gitpod,
OFFOR Health,
Venngage,
Corvus Insurance,
Icon,ICON
PagerDuty,2TY.F
Scoro,
Innovid,
Booktopia,
Ermetic,
Namogoo,
Camp K12,
Gemini,GEMI
Yext,YEXT
BUX,
MediBuddy,
BitTorrent,
Enjoei,ENJU3F.SA
Edifecs,
Citrine Informatics,
Avalara,
Cyteir Therapeutics,
Zappos,
Capital One,COF
Proterra,
WeWork,WEWORK.BO
Saks.com,
Hydrow,
Earth Rides,
Fandom,
IAM Robotics,
Icertis,
Magnite,MGNI
Mudafy,
Personalis,PSNL
Prisma,V7D.F
Spaceship,
Wallbox,WBX
Sophos,
Teladoc Health,TDOC
8x8,EGHT
Pagaya,PGY
Benevity,
Jumpcloud,
nCino,NCNO
Starry,603520.SS
Hootsuite,
Clue,CLU.AX
Addepar,
80 Acres Farms,
Aiven,
Bally's Interactive,
Betterfly,
Cazoo,CZOOF
Coda,CODA
Cypress.io,
Lucid Diagnostics,LUCD
Mavenir,
Britishvolt,
Clutch,6408.T
Exotel,
Unico,407A.T
Tul,TQW.F
American Robotics,
Luxury Presence,
RingCentral,RNG
Avaya,
Fishbrain,
GoMechanic,
Oracle,ORCL
Rappi,RAPPID-SM.NS
RateGenius,
XP,XP
PagBank,
Gramophone,
ClearCo,
Ignition,
Rebel Foods,
Captain Fresh,
Snappy,
BharatAgri,BHARATAGRI.BO
DeHaat,
Black Shark,
Vial,ALVIA.PA
Carvana,CVNA
CoSchedule,
GoCanvas,
Jellyfish,
SmartNews,
Skit.ai,
Pier,PIERF
Blockchain.com,
Lattice,LSCC
Greenlight,W8I.F
Cashfree Payments,
Mapbox,
Definitive Healthcare,DH
Career Karma,
Crypto.com,
Life360,L360.F
Rock Content,
Tipalti,
Jumio,
Intrinsic,
Citizen,CFG
Limeade,
Paddle,
Coinbase,COIN
Till Payments,
ConsenSys,
Thinkific,5S0A.F
LEAD,CAPA
Parler,
GoBolt,
Relevel,
Cart.com,
100 Thieves,
Esper,
WHOOP,
Fate Therapeutics,FATE
Century Therapeutics,IPSC
Editas Medicine,EDIT
Scale AI,
Minute Media,
Integrate,ZIM
Huobi,
Bounce,
CareerArc,
CreateMe,
Lantern,LTRN
Mojo Vision,
SuperRare,
Cue,CUE
SoundHound,SOUN
Socure,
Genesis,GEL
Moglix,
Everlane,
Pecan AI,
Personetics,
Twine Solutions,
UpScalio,
Attentive,
Compass,CMPS
TCR2,
Kaltura,KLTR
Butterfly Network,BFLY
Vimeo,
Wyre,
Uniphore,
Harappa,
Graphcore,
Gousto,
Bilibili,BILI
Octopus Network,
PayU,
Element,ELEM.CN
Willow,WLII
Back Market,
Zoopla,
Lendis,
Chope,
Briza,BED.F
StreetBees,
Zhihu,ZH
Homebot,
Health IQ,
Xiaomi,1810.HK
YourGrocer,
Tomorrow,
Revelate,
E Inc.,FCEL
Improbable,
Modern Treasury,
Reach,5332.KL
LeafLink,
Workmotion,
Apollo,APO
JD.ID,
Quanergy Systems,
Thumbtack,
Komodo Health,
Viant,DSP
Freshly,
Balto,
Caribou,CRBU
Outschool,
Xentral,
Autobooks,
Convene,
Bol.com,
Share Now,
Alice,AQX.AX
Primer,PRI
Brodmann17,
Digital Surge,
N-able Technologies,
ZenLedger,
Glints,
Buser,BUSER.ST
Otonomo,
TechTarget,EFT0.F
Inscripta,
CyCognito,
Armis,
FireHydrant,
Nerdy,NRDY
Vanta,VNTG
Vedantu,
Plaid,STIF.CN
Recur Forever,
Relativity,
Integral Ad Science,
Houzz,
Grover,GJL-SM.NS
Lithic,
Zywave,
Doma,2CW.F
Weedmaps,
Adobe,ADBE
Perimeter 81,
Koinly,
Bridgit,
Filevine,
Moove,
Nextiva,
OneStudyTeam,
Swyftx,
Aqua Security,
DataRails,
Elemy,
Route,3R6N.F
OYO,OYCG
Bybit,
Cognyte,CGNT
Polly,
Homebound,
Lora DiCarlo,
Carousell,
Bizzabo,
BloomTech,
Springbig,SBIG
SQZ Biotech,
Strava,
Synlogic,SYBX
Yapily,
DoorDash,DASH
Kraken,PNG.V
Happy Money,
Ula,ULAS.IS
Wonder,LNWO
StudySmarter,
Ualá,UAL
Etermax,
Thread,MODTHREAD.NS
Elastic,ESTC
Sana,SANA
Venafi,
Bitso,
Lyst,
CoinJar,
Bitfront,BFCH
Codexis,CDXS
Firework,
Plerk,
Proton.ai,
Infarm,
Wildlife Studios,
Hirect,HIRECT.BO
ApplyBoard,
Ajaib,
ResearchGate,
BlockFi,0888.HK
FutureLearn,
Inspectify,
Ledn,
NCX,NCX.V
Spora Health,
Change Invest,
Zilch,
VerSe Innovation,
Carwow,
Vendease,
Lemon,LMND
Quidax,
Menulog,
Assure,AGO
GoodGood,
Muni Tienda,
SWVL,SWVL
SIRCLO,
Movidesk,
Trax,TRAX
Flash Coffee,
Natera,NTRA
Rapyd,
Reynen Court,
Jumia,JMIA
Kitopi,
Devo,DVN
GloriFi,
Zomato,
Synthego,
Splyt,
Capitolis,
Kavak,
Metaplex,
Ruangguru,
StoryBlocks,
Unchained Capital,
Homepoint,
Juni,SRJN
Chili Piper,
TealBook,
&Open,OPEN
Wayflyer,
Lokalise,
Yotpo,
D2L,DTLIF
Dance,
Homeward,
Infogrid,
Kite,FGC1.F
UiPath,PATH
Asana,ASAN
OwnBackup,
Deliveroo Australia,
Properly,
Protocol,
Jimdo,
The Zebra,
Viber,
CaptivateIQ,
Apollo Insurance,
Nirvana Money,
Oatly,OTLY
OfferUp,
Outside,
Rubicon Technologies,
Typeform,
Whispir,
Sema4,
iFit,
Ribbon,RBBN
Intercom,
Cardlytics,CDLX
Cloudinary,
Nestcoin,
Tricida,
Forto,
Chipax,
Juniper,JUNIPER.BO
Offerpad,OPAD
Juul,
InfluxData,
Wistia,
Ocavu,
Avast,
SendCloud,
Voly,
Wavely,
ZenBusiness,
Root Insurance,
Liftoff,LFTO
Plum,OKO.F
HighRadius,
Amobee,
CloudFactory,
Coursera,COUR
Faze Medicines,
EverBridge,
Repertoire Immune Medicines,
Beat,BEAT
NanoString,
SADA,K9B.F
Dock,MAZDOCK.NS
Domino Data Lab,
Varonis,VRNS
Practically,
Planetly,
KoinWorks,
Exodus,EXOD
Benitago Group,
Mythical Games,
Pleo,
Shippo,
LiveRamp,RAMP
Provi,000429.SZ
Rubius,
Snapdocs,
Studio,TOON
Chime,CIM
Checkmarx,
Smava,
Iron Ox,
Digital Currency Gruop,
BitMEX,
Signicat,
Argo AI,
Booking.com,
Oda,ODAS.IS
Drop,DROP
Tapps Games,
Help Scout,
Kry,KRYS
Notarize,
EquityZen,
Doubtnut,
Fifth Season,
Advata,
Springlane,
Recharge,REC.AX
GoNuts,
Spreetail,
MindBody,
GoFundMe,
Carbon,7719.TWO
Fundbox,
Embroker,
Vee,VEEV
Callisto Media,
OrCam,
Antidote Health,
Elinvar,
Synapsica,
Volta,VLTSAP.XC
Hotmart,
Loom,K900.F
Sales Boomerang,
AtoB,
InfoSum,
Clever Real Estate,
Collibra,
Side,SID
Ada Health,ADPT.CN
Tiendanube,
Nuri,NRIX
Flipboard,
Huawei,180605.SZ
Flux Systems,
Qin1,
Playdots,
ExtraHop,
6sense,
Sinch,SINCH.ST
MX,MX
Pacaso,
Sketch,
Udacity,
Linkfire,
Emitwise,
GSR,GSRAY.IS
VanHack,
HelloFresh,HFG.DE
Pavilion Data,
Nyriad,
Collage.com,
BioMarin,BMRN
Rev.com,
Impossible Foods,
Atome,49C.F
First AML,
Foresight Insurance,
Built In,
TwinStrand,
Fivetran,
ActiveCampaign,
Tempo,TMPOQ
WazirX,
Spin,SPINAROO.BO
Carsome,
Pastel,
Truepill,
Westwing,WEW.DE
Zenjob,
Front,FRO
Konfio,
Foxtrot,
Truiloo,
Pesto,
NYDIG,
Klarna,KLAR
Made.com,
Kitty Hawk,
Candidate Labs,
Curative,CBDX
99,9988.HK
Ouster,OUST
Vesalius Therapeutics,
Clear,CLFD
TrueLayer,
LivePerson,LPSN
Acast,0PN.F
WorkRamp,
NextRoll,
Netflix,NFLX
Bitrise,
Taboola,1FY.F
Patreon,
Propzy,
Quicko,
Mode Analytics,
Compete,COMPEAU.BO
Karbon,KARBON.BO
Sama,AGII.JK
SkipTheDishes,
Brighte,5244.TW
Amber Group,
Capiter,
CommonBond,
DreamBox Learning,
Flowhub,
Lido Learning,
Pomelo Fashion,
Genome Medical,
BigBear.ai,BBAI
Realtor.com,
Simple Feast,
Rupeek,
Demandbase,
Firebolt,
Xsight Labs,
Brave Care,
Lawgeex,
Juniper Square,
Medium,
Kuda,4425.T
Sea,STX
2TM,
Urban Sports Club,
Hedvig,
GoodRx,8GH.F
Apartment List,
Artnight,
Snagajob,
The Wing,
Viamo,
Immersive Labs,
54gene,
Fungible,
Skillz,
Argyle,ARLYF
Loja Integrada,
ShipBob,
Reali,2ZQ.F
Pix,PXLW
Packable,
Q4,Q49.F
Skedulo,
Plato,4Y7.F
DataRobot,
Kogan,UZQ.F
Skillshare,
Mr. Yum,
ShopX,
NSO,NSOMF
Tufin,
Hodlnaut,
Thirty Madison,
Fluke,
Warren,PWR.XA
AlayaCare,
Pliops,
Woven,
Edmodo,
Updater,UDS.BO
ContraFect,CFRXQ
ThredUp,TDUP
Anywell,
Almanac,
Core Scientific,CORZ
Orbit,OBTEF
Calm,CALM
Marketforce,
Expert360,
Guidewire,GWRE
Pollen,POLNL.XC
Vedanta Biosciences,
GoHealth,
Nutanix,NTNX
Quanterix,QTRX
MadeiraMadeira,
Shogun,
Dooly,
Berkeley Lights,64B.DU
DailyPay,
Haus,KA1.F
Sweetgreen,SG
Warby Parker,WRBY
Labelbox,
Perion,PERI
Daily Harvest,
Mejuri,
Uberflip,
Article,002762.SZ
Jam City,
10X Genomics,TXG
On Deck,
Nomad,0NH.F
StubHub,STUB
Zenius,
Healthcare.com,
Unbounce,
The Org,
CarDekho,
Puppet,
Talkwalker,
Seegrid,
Nylas,
The Predictive Index,
Stedi,56S1.DE
Glossier,
FuboTV,FUBO
Hash,REZNF
Classkick,
OnlyFans,
Perceptive Automata,
Whereby,
Metigy,
Gatherly,
Clearco,
Imperfect Foods,
Shelf Engine,
Quantcast,
Sherpa,FTSP
CoinFLEX,
MissFresh,MFLTY
Yabonza,
Metromile,
Allbirds,8W80.DU
TextNow,
Bikayi,
Brainbase,
Change.org,
Tapas Media,
Turntide,
Coinsquare,
Skai,357880.KQ
Fiverr,FVRR
InDebted,
Dover,DOV
Included Health,
Soluto,
Eucalyptus,
Workstream,
Clarify Health,
Arete,
Boosted Commerce,
Owlet,OWLT
People.ai,
Wizeline,
AppGate,
Rad Power Bikes,
Lunchbox,
RealSelf,
Catalyst,HCAT
Smarsh,
Just Eat Takeaway,JTKWY
BlueStacks,
Introhive,
Zencity,
Splice,
Forma.ai,
Arc,ACHR
M1,M1X1.F
SellerX,
Stint,
Capsule,NATCAPSUQ.NS
PACT Pharma,
Lusha,600223.SS
Bright Money,
Heroes,
Aspire,WKU.F
Zego,1ZG.F
The Mom Project,
Unstoppable Domains,
Kiavi,
Alto Pharmacy,
Cosuno,
Wave,WAVE
Tonal,
Bryter,
Involves,
CircleUp,
Papa,PZZA
Fraazo,
Babylon,BPP.AX
Airlift,
Spring,SVIV
SundaySky,
Apeel Sciences,
Forward,OMFREIGHT.BO
Ignite,
PuduTech,
Butler Hospitality,
Next Insurance,
Adwerx,
Emotive,
Cedar,002485.SZ
Remote,RMTD
Anodot,
SQream,
Motif Foodworks,
eToro,KQ2.F
Bullish,BLSH
Transmit Security,
Thimble,
Syte,
Lightricks,
Chessable,
Sendle,
Gorillas,
Celsius,CELH
LetsGetChecked,
Perx Health,
Zepto,
WanderJaunt,
Canoo,GOEVQ
Bamboo Health,2293.HK
Teleport,
Remesh,
Enjoy,300020.SZ
Crejo.Fun,
Stash Financial,
Stream,MTA
Finleap Connect,
Abra,ABRFL.BO
Gavelytics,
Secfi,
Sundae,L2Y.F
Toppr,
Qumulo,
Parallel Wireless,
Oye Rickshaw,
Rows,
Baton,554A.T
Substack,
CommentSold,
HomeLight,
Modsy,
Volt Bank,
WhiteHat Jr,
StockX,
Sidecar Health,
Vezeeta,
Bright Machines,
HealthMatch,
Nova Benefits,
Una Brands,
AppLovin,APP
Banxa,
SafeGraph,
Postscript,
Bitpanda,
Sunday,
Bestow,
Feather,001390.SZ
Give Legacy,
Aura,AURA
Pipl,
Vouch,DIVA.JK
Voyage SMS,
Kune,KNKT
Mark43,
Ro,DUKRW
Bungalow,
Mindgeek,
Ebanx,
Community,CMTV
Sourcegraph,
Frubana,
SuperLearn,
Tray.io,
SummerBio,
Aqgromalin,
Bonsai,
BitOasis,
Finite State,
JOKR,
Zumper,
Circulo Health,
Swappie,
Wealthsimple,
Weee!,
Elementor,
Tonkean,
Airtame,
OpenWeb,
Swyft,
Crehana,
JetClosing,
Sami,032280.KQ
Breathe,
Hunty,
TIFIN,
Addi,B94.F
Wave Sports and Entertainment,
Automox,
Berlin Brands Group,
Sanar,SMTI
Freetrade,600794.SS
Albert,ACI
Keepe,6036.T
Liongard,
Ziroom,
OneTrust,
Daniel Wellington,
Boozt,BOK.F
The Grommet,
Stashaway,
Preply,
Starship,
Trade Republic,
iPrice Group,
Memmo,
Lummo,
ID.me,
KiwiCo,
Bond,
CyberCube,
Dutchie,
Deep Instinct,
Eruditus,
Afterverse,
Superhuman,
Food52,
5B Solar,
Favo,688371.SS
PolicyGenius,
Yojak,
Envato,
Stord,
Gather,
Shef,28H.F
Esme Learning,
Kaodim,
Rain,RAIN
Udayy,
Curve,
Impala,IMPUY
Eaze,
Truck It In,
Replicated,
Tomo,475960.KQ
Getta,
BookClub,
Mobile Premier League,
SumUp,
Tempus Ex,
Daloopa,
Uncapped,
Akerna,
Terminus,TMGY
VTEX,VTEX
Dazn,
Lacework,
Kontist,
Coterie Insurance,
Zapp,ZAPPF
Buenbit,
BeyondMinds,
Airtime,600560.SS
MFine,
Picsart,
Zak,PZU.WA
AliExpress Russia,
Subspace,
Section4,
Tripwire,
Meero,
Reef,TGRR
divvyDOSE,
Progrexion,
SEND,ASAIY
Colossus,
Mainstreet,5L0.F
Ideoclick,
Vise,VS.BK
Bizpay,
Thrasio,
Avo,AVO
Wahoo Fitness,
Sigfox,
Clyde,
Xiaohongshu,
Facily,
QuintoAndar,
Humble,2739.TW
Halcyon Health,
Ahead,
Goodfood,76O.F
Workrise,
Fast,FAST
Legible,LEBGF
Rasa,8313.SR
Furlenco,
Grove Collaborative,GROV
Curology,
Trell,TLLB.F
Knock,
Talis Biomedical,
Sezzle,SEZL
Adaptive Biotechnologies,ADPT
Hyperscience,
WeDoctor,
OKCredit,
Lido,
Virgin Hyperloop,
Trustly,
Liv Up,
Defined.ai,
Rhino,RHNO
Protonn,
BitTitan,
Ozy Media,
Genius,GNS
Treehouse,TREEHOUSE.NS
Casper,
Tanium,
Flockjay,
Pagarbook,
Katerra,
Lambda School,
Madefire,
HuffPo,
Clumio,
DJI,
Ninjacart,
Limelight,
Quandoo,
Hubba,
Privitar,
Postmates,
Pocketmath,
Aura Financial,
Simple,6XH.F
Pulse Secure,
Breather,
Actifio,
Zinier,
Aya,AYA
Domio,
Bridge Connector,
Tidepool,
Igenous,
Scoop,XS246958254.MU
Worksmith,
Rubica,
Bossa Nova,
Remedy,REMEDY.HE
Knotel,
Cheetah,CMCM
CodeCombat,
Quibi,
GetYourGuide,
OLX India,
Chef,CHEF
TheWrap,
HumanForest,
Air,AIR
NS8,NS8U.SI
Bleacher Report,
HubHaus,
Swing Education,
Awok,
Big Fish Games,
GoBear,
MakeMyTrip,MMYT
kununu,
Superloop,SLC.AX
Spaces,INDIQUBE.NS
StreamSets,
Docly,
Mapify,
Lumina Networks,
HopSkipDrive,
Eatsy,
The Appraisal Lane,
Thriver,
Vesta,VWS.CO
Buy.com / Rakuten,
tZero,TZROP
Pared,
Zeitgold,
Perkbox,
Sorabel,
Lighter Capital,
Curefit,
Snaptravel,
Optimizely,
Skyscanner,
Yelp,YELP
Zilingo,
PaySense,
Funding Circle,FCH.L
OnDeck,7360.T
Sharethrough,
Kongregate,
Havenly,
G2,G2M.ST
Hired,
Engine eCommerce,
Byton,
Gojek,GOTO.JK
ScaleFactor,
Dark,P0W0.F
Intuit,ISRG
Atlas Obscura,
Navi,NAVI
PaisaBazaar,
Redox,RDX.AX
Conga,
Stockwell AI,
SynapseFI,
ScaleFocus,
Her Campus Media,
Integrate.ai,
The Athletic,
Lastline,
Builder,BLDR
Outdoorsy,
Monzo,
SpotHero,
Credit Sesame,
Circ,CIRC
Descartes Labs,
MakerBot,
CrowdStreet,
Loftium,
BookMyShow,
The Sill,
Instructure,
Bluprint,
Acorns,
Teamwork,
Cvent,
PickYourTrail,
Glitch,
Kapten / Free Now,
Samsara,IOT
Stay Alfred,
Dotscience,
Divvy,
Agoda,
Rubrik,RBRK
Intapp,INTA
Datera,
Magicbricks,
Lendingkart,
Masse,
Quartz,QSEA
Ridecell,
Veem,VEV.F
Sift,
TicketSwap,
Workfront,
Deliv,DHER.DE
Mercos,
Kickstarter,
Intersect,
BetterCloud,
WeFit,
Stone,STNE
Mixpanel,
Hireology,
Datto,
Revolut,RVMD
Cadre,CVKD
Jump,600566.SS
Numbrs,
Flywire,FLYW
SalesLoft,
Tally,
Airy Rooms,
Validity,
Flatiron School,
Rubicon Project,RUBI
Segment,
OPay,6878.TWO
ThoughtSpot,
Andela,
Workable,
Cloudera,
Handshake,
League,SLE
Careem,
Oriente,
Element AI,
Deputy,
Castlight Health,
Trivago,TRVG
LiveTiles,
Namely,
Culture Trip,
Sandbox VR,
Virtudent,
Monese,
Automatic,ADP
Flynote,
Care.com,
AirMap,
PicoBrew,
Lime,LIME
Transfix,
Yoco,
Renmoney,
App Annie,
OpenX,
PayJoy,
Shipsi,
Migo,MIGO.L
Automation Anywhere,
Qwick,
Stoqo,
Submittable,
Divergent 3D,
Ada Support,
UPshow,
Horizn Studios,
Welkin Health,
Jiobit,
TutorMundi,
Cheddar,
Zenefits,
Oscar Health,OSCR
Simon Data,
PowerReviews,
Singular,H0U.F
Magic Leap,
When I Work,
Ike,IKE.AX
Freshbooks,
Politico / Protocol,
Bringg,
Klook,
GumGum,
Kueski,
Zum,ZAG.VI
Hipcamp,
Motif Investing,
BlackBuck,BLACKBUCK.NS
ContaAzul,
Labster,
Tor,TRMD
BitGo,O7S.F
Dispatch,HA9.F
Influitive,
CarGurus,CARG
Funding Societies,
CleverTap,
CrowdRiff,
Grailed,
LumenAd,
Purse,
SquadVoice,
Shop101,
Akulaku,
Parsable,
Kodiak Robotics,
Dude Solutions,
SweetEscape,
TouchBistro,
Envoy,COCH
VSCO,
DataStax,
Xerpa,
RedDoorz,
Zoox,
EasyPost,
Clearbanc,
BeeTech,300667.SZ
NuoDB,
Rhumbix,
Atsu,3529.T
Geekwire,
FloQast,
Omie,
Clinc,CLCH.TO
Lighthouse Labs,
LoopMe,
CipherTrace,
Elliptic,ELABS.OL
Zest AI,
Unison,603418.SS
Unbabel,
Button,
Eden / Managed By Q,
BVAccel,
Kenoby,
Connected,CNCM
GetNinjas,
Spyce,
Creditas,KCRE11.SA
Lytics,
Slice Labs,
TechAdvance,
Zola,
ezCater,
Sage Therapeutics,
Branch Metrics,
Newfront Insurance,
Ibotta,OE6.F
Virta Health,
Group Nine Media,
Payfactors,
Nav,NMM
AskNicely,
RainFocus,
BounceX,
Wordstream,
BusBud,
Borrowell,
PerkSpot,
Bitfarms,
Iflix,
Gympass,
Minted,
Traveloka,
Arrive Logistics,
Jetty,
Opencare,
Anagram,
G/O Media Group,
DSCO,
Tripbam,
Avantage Entertainment,
Alegion,
AllyO,
Mews,
PeopleGrove,
The Muse,
ClassPass,
eGym,
Industrious,
1stdibs,DIBS
ThirdLove,
Shuttl,NAS.OL
Jobcase,
Dynamic Signal,
FiscalNote,NOTE
Sauce Labs,
Humu,
Coding Dojo,
Instamojo,
Synergysuite,
Atlanta Tech Village,
Capillary,CAPILLARY.NS
The Modist,
Booksy,
Flymya,
PatientPop,
Earnin,511930.SS
Wonolo,
Acko,
Moovel,
Crayon,CRAYONS-SM.NS
Pana,6752.T
Sensibill,
Usermind,
Incredible Health,
Currency,8YN.F
GOAT Group,
Le Tote,
Levelset,
Pebblepost,
WhyHotel,
KeepTruckin,
AdRoll,
Rover,ROVMF
Turo,
uShip,
SkySlope,
Siteimprove,
AngelList,
Zenoti,
DialSource,
Adara,AENTW
Claravine,
Kazoo,
Snap Finance,
Zerto,
RigUp,
FabHotels,
Hibob,
Maven,96W.F
Blume Global,
Catalant,
Starship Technologies,
Loftsmart,
Iris Nova,
Cuyana,DGCU2.BA
Amplero,
Polarr,
TravelTriangle,
OneWeb,
HOOQ,
Restaurant365,
Blueground,
Zipcar,
Mogo,MOGMF
DISCO,WBD
Raken,
Bench,
Oh My Green,
Bevi,BERG-B.ST
Opal,OPAL
Bcredi,
Make School,
Pivot3,
B8ta,
Fareportal,
Ecobee,
Passport,
Peerspace,
GoSpotCheck,
Consider.co,
Nativo,A3Z.F
TripActions,
Lyric,LYJN
Rangle,
O'Reilly Media,
OutboundEngine,
Overtime,
Jama,
Element Analytics,
Clutter,
Universal Standard,
Takl,
Foodsby,
TravelBank,
Flowr,FLWPF
Peerfit,
The Guild,
Drip,NARMP.BO
GrayMeta,
Triplebyte,
Ladder Life,
Cabin,2657.HK
Eight Sleep,
Flywheel Sports,
Peek,
CTO.ai,
Yonder,
Service,ZIM
Ejento,
Remote Year,
Lola,
Anyvision,
Popin,
Tuft & Needle,
Flytedesk,
Help.com,
Panda Squad,
Tamara Mellon,
